{"max": [-6.4096, 5.01845, -1.24254], "centroid": [-9.347193829710939, 2.3155228996773873, -4.377748035757369], "id": "2f32164c5a422fe8b44d82a74ebc14c0", "numVertices": 70363, "min": [-10.725, 0.521956, -8.92939]}
