{"max": [2.27729, 2.00579, 5.67752], "centroid": [-0.10100551609822622, 0.8402837646657537, 4.261816746248299], "id": "923ce819405ae29230c72ee872e188e1", "numVertices": 2932, "min": [-0.661226, 0.128355, 1.57184]}
